description;url;image;price
Piso laminado montreal oak 7 mm 2.46 m2 (precio por caja ) ;https://cr.epaenlinea.com/piso-laminado-montreal-oak-7-mm-2-46-m2-precio-por-caja.html;https://cr.epaenlinea.com/pub/media/version20200605/catalog/product/cache/cd25e414e6d4b32acec00305cb5c9bfb/2/2/2230383_1.jpg;29.995
Piso laminado 8 mm organico resistente al agua tortona oak 2.22 m2 (precio x caja) ;https://cr.epaenlinea.com/piso-laminado-8-mm-organico-resistente-al-agua-tortona-oak-2-22-m2-precio-x-caja.html;https://cr.epaenlinea.com/pub/media/version20200605/catalog/product/cache/cd25e414e6d4b32acec00305cb5c9bfb/2/2/2230379_5.jpg;33.500
Piso laminado 8 mm organico resistente al agua heirloom oak 2.22 m2 (precio x caja) ;https://cr.epaenlinea.com/piso-laminado-8-mm-organico-resistente-al-agua-heirloom-oak-2-22-m2-precio-x-caja.html;https://cr.epaenlinea.com/pub/media/version20200605/catalog/product/cache/cd25e414e6d4b32acec00305cb5c9bfb/2/2/2230378_5.jpg;33.500
Piso laminado 7mm rock ridge oak  2,47m2 (precio por caja) ;https://cr.epaenlinea.com/piso-laminado-7mm-rock-ridge-oak-2-47m2-precio-por-caja.html;https://cr.epaenlinea.com/pub/media/version20200605/catalog/product/cache/cd25e414e6d4b32acec00305cb5c9bfb/2/2/2230368_16.jpg;29.995
Mueble aéreo de melina acabado ceniza de 2 puertas 60 x 100 x 34 cm ;https://cr.epaenlinea.com/mueble-aereo-de-melina-acabado-ceniza-de-2-puertas-60-x-100-x-34-cm.html;https://cr.epaenlinea.com/pub/media/version20200605/catalog/product/cache/cd25e414e6d4b32acec00305cb5c9bfb/2/5/2510079_5_1.jpg;59.950
Organizador de tapas ;https://cr.epaenlinea.com/organizador-de-tapas.html;https://cr.epaenlinea.com/pub/media/version20200605/catalog/product/cache/cd25e414e6d4b32acec00305cb5c9bfb/2/5/2544112.jpg;10.995
Combo de puerta de 2 tableros de 95 x 210 cm en color blanco y pomo color satín ;https://cr.epaenlinea.com/combo-de-puerta-de-2-tableros-de-95-x-210-cm-en-color-blanco-y-pomo-color-satin.html;https://cr.epaenlinea.com/pub/media/version20200605/catalog/product/cache/cd25e414e6d4b32acec00305cb5c9bfb/2/1/2106011_combo_1918121_6_1_2.jpg;22.295
Mueble sobre campana de 2 puertas wengue 37 x 76 x 32 cm ;https://cr.epaenlinea.com/mueble-sobre-campana-de-2-puertas-wengue-37-x-76-x-32-cm.html;https://cr.epaenlinea.com/pub/media/version20200605/catalog/product/cache/cd25e414e6d4b32acec00305cb5c9bfb/2/5/2510099.jpg;44.500
Mueble aéreo 2 puertas wengue 60 x 100 x 34 cm ;https://cr.epaenlinea.com/mueble-aereo-2-puertas-wengue-60-x-100-x-34-cm.html;https://cr.epaenlinea.com/pub/media/version20200605/catalog/product/cache/cd25e414e6d4b32acec00305cb5c9bfb/2/5/2510057_14.jpg;55.500
Porcelanato mirarmar de 56 x 56, 1,66 m2 (precio por caja) ;https://cr.epaenlinea.com/porcelanato-mirarmar-de-56-x-56-1-66-m2-precio-por-caja.html;https://cr.epaenlinea.com/pub/media/version20200605/catalog/product/cache/cd25e414e6d4b32acec00305cb5c9bfb/2/2/2250303_2.jpg;11.250
Botella rociadora de aceite ;https://cr.epaenlinea.com/botella-rociadora-de-aceite.html;https://cr.epaenlinea.com/pub/media/version20200605/catalog/product/placeholder/default/Triangulo-EPA-small.jpg;3.995
Riel colgante para puerta de closet 3 metros ;https://cr.epaenlinea.com/riel-colgante-para-puerta-de-closet-3-metros.html;https://cr.epaenlinea.com/pub/media/version20200605/catalog/product/cache/cd25e414e6d4b32acec00305cb5c9bfb/1/8/1824151.jpg;13.295
Piso laminado organico resistente al agua 8mm charcoal oak 2.22m2  (precio x caja) ;https://cr.epaenlinea.com/piso-laminado-organico-resistente-al-agua-8mm-charcoal-oak-2-22m2-precio-x-caja.html;https://cr.epaenlinea.com/pub/media/version20200605/catalog/product/cache/cd25e414e6d4b32acec00305cb5c9bfb/2/2/2230386_1.jpg;33.500
Magic toma teléfono ;https://cr.epaenlinea.com/magic-toma-telefono.html;https://cr.epaenlinea.com/pub/media/version20200605/catalog/product/cache/cd25e414e6d4b32acec00305cb5c9bfb/1/6/1636380.jpg;3.650
Magic toma rj45 cat5 ;https://cr.epaenlinea.com/magic-toma-rj45-cat5.html;https://cr.epaenlinea.com/pub/media/version20200605/catalog/product/cache/cd25e414e6d4b32acec00305cb5c9bfb/1/6/1636378.jpg;9.195
Magic placa 3 módulos color marfil ;https://cr.epaenlinea.com/magic-placa-3-modulos-color-marfil.html;https://cr.epaenlinea.com/pub/media/version20200605/catalog/product/cache/cd25e414e6d4b32acec00305cb5c9bfb/1/6/1636371.jpg;2.650
Magic placa toma doble marfil ;https://cr.epaenlinea.com/magic-placa-toma-doble-marfil.html;https://cr.epaenlinea.com/pub/media/version20200605/catalog/product/cache/cd25e414e6d4b32acec00305cb5c9bfb/1/6/1636362.jpg;2.650
Magic placa ciega color marfil ;https://cr.epaenlinea.com/magic-placa-ciega-color-marfil.html;https://cr.epaenlinea.com/pub/media/version20200605/catalog/product/cache/cd25e414e6d4b32acec00305cb5c9bfb/1/6/1636361.jpg;2.650
Placa magic toma doble beige ;https://cr.epaenlinea.com/placa-magic-toma-doble-beige.html;https://cr.epaenlinea.com/pub/media/version20200605/catalog/product/cache/cd25e414e6d4b32acec00305cb5c9bfb/1/6/1636348.jpg;2.650
Magic pulsador timbre ;https://cr.epaenlinea.com/magic-pulsador-timbre.html;https://cr.epaenlinea.com/pub/media/version20200605/catalog/product/cache/cd25e414e6d4b32acec00305cb5c9bfb/1/6/1636344.jpg;4.195
Toma tv magic ;https://cr.epaenlinea.com/toma-tv-magic.html;https://cr.epaenlinea.com/pub/media/version20200605/catalog/product/cache/cd25e414e6d4b32acec00305cb5c9bfb/1/6/1636058.jpg;3.695
Rodapié teca 1.2 x 9 x 335 cm ;https://cr.epaenlinea.com/rodapie-teca-1-2-x-9-x-335-cm.html;https://cr.epaenlinea.com/pub/media/version20200605/catalog/product/cache/cd25e414e6d4b32acec00305cb5c9bfb/2/0/2025108_1.jpg;6.895
Kit de instalación fregadero 2 tanques  Regular: ¢20.750 i.v.a. ;https://cr.epaenlinea.com/kit-de-instalacion-fregadero-2-tanques.html;https://cr.epaenlinea.com/pub/media/version20200605/catalog/product/cache/cd25e414e6d4b32acec00305cb5c9bfb/2/6/2646101.jpg;18.695
T&j deco interruptor triple 3 vías color plata ;https://cr.epaenlinea.com/t-j-deco-interruptor-triple-3-vias-color-plata.html;https://cr.epaenlinea.com/pub/media/version20200605/catalog/product/cache/cd25e414e6d4b32acec00305cb5c9bfb/1/6/1666264.jpg;10.095
T&j deco interruptor triple 3 vías color champagne ;https://cr.epaenlinea.com/t-j-deco-interruptor-triple-3-vias-color-champagne.html;https://cr.epaenlinea.com/pub/media/version20200605/catalog/product/cache/cd25e414e6d4b32acec00305cb5c9bfb/1/6/1666263.jpg;10.095
T&j deco interruptor triple 3 vías color negro ;https://cr.epaenlinea.com/t-j-deco-interruptor-triple-3-vias-color-negro.html;https://cr.epaenlinea.com/pub/media/version20200605/catalog/product/cache/cd25e414e6d4b32acec00305cb5c9bfb/1/6/1666262.jpg;10.095
T&j deco interruptor triple 3 vías color blanco ;https://cr.epaenlinea.com/t-j-deco-interruptor-triple-3-vias-color-blanco.html;https://cr.epaenlinea.com/pub/media/version20200605/catalog/product/cache/cd25e414e6d4b32acec00305cb5c9bfb/1/6/1666261.jpg;7.395
Toma doble 2 puertos usb línea plata 20a ;https://cr.epaenlinea.com/toma-doble-2-puertos-usb-linea-plata-20a.html;https://cr.epaenlinea.com/pub/media/version20200605/catalog/product/cache/cd25e414e6d4b32acec00305cb5c9bfb/1/6/1654035.jpg;18.950
Mueble aéreo de melamina de 2 puertas color blanco ;https://cr.epaenlinea.com/mueble-aereo-de-melamina-de-2-puertas-color-blanco.html;https://cr.epaenlinea.com/pub/media/version20200605/catalog/product/cache/cd25e414e6d4b32acec00305cb5c9bfb/2/5/2510037_19.jpg;59.950
Grifo para cocina peerless alto cromado  Regular: ¢109.995 i.v.a. ;https://cr.epaenlinea.com/grifo-para-cocina-peerless-alto-cromado.html;https://cr.epaenlinea.com/pub/media/version20200605/catalog/product/cache/cd25e414e6d4b32acec00305cb5c9bfb/3/1/3143009.jpg;95.950
Grifo para cocina alto cromado con palanca ;https://cr.epaenlinea.com/grifo-para-cocina-alto-cromado-con-palanca.html;https://cr.epaenlinea.com/pub/media/version20200605/catalog/product/cache/cd25e414e6d4b32acec00305cb5c9bfb/2/5/2532120.jpg;17.950
Fachaleta 30 x 60 cm filleti 1.8 m2 (precio por caja) ;https://cr.epaenlinea.com/fachaleta-30-x-60-cm-filleti-1-8-m2-precio-por-caja.html;https://cr.epaenlinea.com/pub/media/version20200605/catalog/product/cache/cd25e414e6d4b32acec00305cb5c9bfb/2/2/2259065.jpg;10.295
"Niple reducción de bronce 1/2"" x 3/8"" ";https://cr.epaenlinea.com/niple-reduccion-de-bronce-1-2-x-3-8.html;https://cr.epaenlinea.com/pub/media/version20200605/catalog/product/cache/cd25e414e6d4b32acec00305cb5c9bfb/2/6/2634290.jpg;4.995
Niple de bronce hexagonal 1/2 pulgada ;https://cr.epaenlinea.com/niple-de-bronce-hexagonal-1-2-pulgada.html;https://cr.epaenlinea.com/pub/media/version20200605/catalog/product/cache/cd25e414e6d4b32acec00305cb5c9bfb/2/6/2634287.jpg;2.650
"Niple de bronce 1/2"" x 3"" ";https://cr.epaenlinea.com/niple-de-bronce-1-2-x-3.html;https://cr.epaenlinea.com/pub/media/version20200605/catalog/product/cache/cd25e414e6d4b32acec00305cb5c9bfb/2/6/2634189.jpg;5.795
"Niple de bronce 1/2"" x 2"" ";https://cr.epaenlinea.com/niple-de-bronce-1-2-x-2.html;https://cr.epaenlinea.com/pub/media/version20200605/catalog/product/cache/cd25e414e6d4b32acec00305cb5c9bfb/2/6/2634188.jpg;2.595
"Reducción bushing bronce npt 1/2"" x 3/8"" ";https://cr.epaenlinea.com/reduccion-bushing-bronce-npt-1-2-x-3-8.html;https://cr.epaenlinea.com/pub/media/version20200605/catalog/product/cache/cd25e414e6d4b32acec00305cb5c9bfb/2/6/2634178.jpg;3.225
"Reducción bushing bronce npt 1/2"" x 1/4"" ";https://cr.epaenlinea.com/reduccion-bushing-bronce-npt-1-2-x-1-4.html;https://cr.epaenlinea.com/pub/media/version20200605/catalog/product/cache/cd25e414e6d4b32acec00305cb5c9bfb/2/6/2634176.jpg;2.750
"Reducción bushing bronce npt 3/8"" x 1/4"" ";https://cr.epaenlinea.com/reduccion-bushing-bronce-npt-3-8-x-1-4.html;https://cr.epaenlinea.com/pub/media/version20200605/catalog/product/cache/cd25e414e6d4b32acec00305cb5c9bfb/2/6/2634174.jpg;1.995
Unión de bronce h npt 1/2 pulgada ;https://cr.epaenlinea.com/union-de-bronce-h-npt-1-2-pulgada.html;https://cr.epaenlinea.com/pub/media/version20200605/catalog/product/cache/cd25e414e6d4b32acec00305cb5c9bfb/2/6/2634156.jpg;3.195
Check pascón de acero 1 pulgada ;https://cr.epaenlinea.com/check-pascon-de-acero-1-pulgada.html;https://cr.epaenlinea.com/pub/media/version20200605/catalog/product/cache/cd25e414e6d4b32acec00305cb5c9bfb/2/6/2632055.jpg;9.650
Check pascón de acero 3/4 pulgada ;https://cr.epaenlinea.com/check-pascon-de-acero-3-4-pulgada.html;https://cr.epaenlinea.com/pub/media/version20200605/catalog/product/cache/cd25e414e6d4b32acec00305cb5c9bfb/2/6/2632054.jpg;4.825
Check pascón de acero 1/2 pulgada ;https://cr.epaenlinea.com/check-pascon-de-acero-1-2-pulgada.html;https://cr.epaenlinea.com/pub/media/version20200605/catalog/product/cache/cd25e414e6d4b32acec00305cb5c9bfb/2/6/2632053.jpg;5.075
"Reducción sanitaria 6"" x 4"" ";https://cr.epaenlinea.com/reduccion-sanitaria-6-x-4.html;https://cr.epaenlinea.com/pub/media/version20200605/catalog/product/cache/cd25e414e6d4b32acec00305cb5c9bfb/2/6/2628047.jpg;67.950
Rejilla cuadrada de acero inoxidable con 2 válvulas antiolores ;https://cr.epaenlinea.com/rejilla-cuadrada-de-acero-inoxidable-con-2-valvulas-antiolores.html;https://cr.epaenlinea.com/pub/media/version20200605/catalog/product/cache/cd25e414e6d4b32acec00305cb5c9bfb/2/6/2627162.jpg;21.500
Rejilla redonda cromada abs con dos válvulas antiolores ;https://cr.epaenlinea.com/rejilla-redonda-cromada-abs-con-dos-valvulas-antiolores.html;https://cr.epaenlinea.com/pub/media/version20200605/catalog/product/cache/cd25e414e6d4b32acec00305cb5c9bfb/2/6/2627159.jpg;2.295
Limpiador de superficies acetato 1000 ml ;https://cr.epaenlinea.com/limpiador-de-superficies-acetato-1000-ml.html;https://cr.epaenlinea.com/pub/media/version20200605/catalog/product/cache/cd25e414e6d4b32acec00305cb5c9bfb/2/6/2626079.jpg;6.850
Limpiador de superficies acetato 500 ml ;https://cr.epaenlinea.com/limpiador-de-superficies-acetato-500-ml.html;https://cr.epaenlinea.com/pub/media/version20200605/catalog/product/cache/cd25e414e6d4b32acec00305cb5c9bfb/2/6/2626078.jpg;3.795
Preparador de superficies 32 onzas ;https://cr.epaenlinea.com/preparador-de-superficies-32-onzas.html;https://cr.epaenlinea.com/pub/media/version20200605/catalog/product/cache/cd25e414e6d4b32acec00305cb5c9bfb/2/6/2626077.jpg;9.950
Pegamento para pvc en presentación de 950 ml de color azul ;https://cr.epaenlinea.com/pegamento-para-pvc-en-presentacion-de-950-ml-de-color-azul.html;https://cr.epaenlinea.com/pub/media/version20200605/catalog/product/cache/cd25e414e6d4b32acec00305cb5c9bfb/2/6/2626071.jpg;11.995
Pegamento de pvc en presentación de 470 ml en color azul ;https://cr.epaenlinea.com/pegamento-de-pvc-en-presentacion-de-470-ml-en-color-azul.html;https://cr.epaenlinea.com/pub/media/version20200605/catalog/product/cache/cd25e414e6d4b32acec00305cb5c9bfb/2/6/2626070.jpg;8.050
Pegamento para pvc en presentación de 120 ml de color azul ;https://cr.epaenlinea.com/pegamento-para-pvc-en-presentacion-de-120-ml-de-color-azul.html;https://cr.epaenlinea.com/pub/media/version20200605/catalog/product/cache/cd25e414e6d4b32acec00305cb5c9bfb/2/6/2626066.jpg;3.375
Pegamento cpvc 50g ;https://cr.epaenlinea.com/pegamento-cpvc-50g.html;https://cr.epaenlinea.com/pub/media/version20200605/catalog/product/cache/cd25e414e6d4b32acec00305cb5c9bfb/2/6/2626065.jpg;2.075
Coleta para fregadero 15cm metálica ;https://cr.epaenlinea.com/coleta-para-fregadero-15cm-metalica.html;https://cr.epaenlinea.com/pub/media/version20200605/catalog/product/cache/cd25e414e6d4b32acec00305cb5c9bfb/2/6/2623218.jpg;4.625
Manguera de abasto acero inoxidable 100 cm 1/2 x 1/2 pulgada ;https://cr.epaenlinea.com/manguera-de-abasto-acero-inoxidable-100-cm-1-2-x-1-2-pulgada.html;https://cr.epaenlinea.com/pub/media/version20200605/catalog/product/cache/cd25e414e6d4b32acec00305cb5c9bfb/2/6/2617097.jpg;5.350
Tubo de abasto 1/2 x 1/2 pulgada 100 cm de longitud ;https://cr.epaenlinea.com/tubo-de-abasto-1-2-x-1-2-pulgada-100-cm-de-longitud.html;https://cr.epaenlinea.com/pub/media/version20200605/catalog/product/cache/cd25e414e6d4b32acec00305cb5c9bfb/2/6/2617094.jpg;6.550
Manguera de abasto acero inoxidable 50 cm 1/2 x 1/2 pulgada click seal ;https://cr.epaenlinea.com/manguera-de-abasto-acero-inoxidable-50-cm-1-2-x-1-2-pulgada-click-seal.html;https://cr.epaenlinea.com/pub/media/version20200605/catalog/product/cache/cd25e414e6d4b32acec00305cb5c9bfb/2/6/2617093.jpg;5.350
Unión de transición pvc 4 pulgadas ;https://cr.epaenlinea.com/union-de-transicion-pvc-4-pulgadas.html;https://cr.epaenlinea.com/pub/media/version20200605/catalog/product/cache/cd25e414e6d4b32acec00305cb5c9bfb/2/6/2615150.jpg;87.950
"Niple de hierro galvanizado 1/2 x 15"" ";https://cr.epaenlinea.com/niple-de-hierro-galvanizado-1-2-x-15.html;https://cr.epaenlinea.com/pub/media/version20200605/catalog/product/cache/cd25e414e6d4b32acec00305cb5c9bfb/2/6/2614056_1.jpg;6.250
Niple de hierro cromado 1/2 x 16 pulgadas ;https://cr.epaenlinea.com/niple-de-hierro-cromado-1-2-x-16-pulgadas.html;https://cr.epaenlinea.com/pub/media/version20200605/catalog/product/cache/cd25e414e6d4b32acec00305cb5c9bfb/2/6/2614049.jpg;6.650
Niple de hierro galvanizado 1/2 x 16 pulgadas ;https://cr.epaenlinea.com/niple-de-hierro-galvanizado-1-2-x-16-pulgadas.html;https://cr.epaenlinea.com/pub/media/version20200605/catalog/product/cache/cd25e414e6d4b32acec00305cb5c9bfb/2/6/2614048.jpg;2.225
Niple de hierro cromado 1/2 x 14 pulgadas ;https://cr.epaenlinea.com/niple-de-hierro-cromado-1-2-x-14-pulgadas.html;https://cr.epaenlinea.com/pub/media/version20200605/catalog/product/cache/cd25e414e6d4b32acec00305cb5c9bfb/2/6/2614046.jpg;6.150
Niple de hierro galvanizado 1/2 x 14 pulgadas ;https://cr.epaenlinea.com/niple-de-hierro-galvanizado-1-2-x-14-pulgadas.html;https://cr.epaenlinea.com/pub/media/version20200605/catalog/product/cache/cd25e414e6d4b32acec00305cb5c9bfb/2/6/2614045.jpg;1.995
Niple de hierro cromado 1/2 x 12 pulgadas ;https://cr.epaenlinea.com/niple-de-hierro-cromado-1-2-x-12-pulgadas.html;https://cr.epaenlinea.com/pub/media/version20200605/catalog/product/cache/cd25e414e6d4b32acec00305cb5c9bfb/2/6/2614044.jpg;4.795
Cuadro abstracto grande ;https://cr.epaenlinea.com/cuadro-abstracto-grande.html;https://cr.epaenlinea.com/pub/media/version20200605/catalog/product/cache/cd25e414e6d4b32acec00305cb5c9bfb/0/4/0435631.jpg;24.500
Cuadro grande con figuras ;https://cr.epaenlinea.com/cuadro-grande-con-figuras.html;https://cr.epaenlinea.com/pub/media/version20200605/catalog/product/cache/cd25e414e6d4b32acec00305cb5c9bfb/0/4/0435630.jpg;13.250
Cuadro abstracto mediano 30 cm hasta 60 cm ;https://cr.epaenlinea.com/cuadro-abstracto-mediano-30-cm-hasta-60-cm.html;https://cr.epaenlinea.com/pub/media/version20200605/catalog/product/cache/cd25e414e6d4b32acec00305cb5c9bfb/0/4/0435629.jpg;11.695
Reloj grande 35 cm hasta 60 cm ;https://cr.epaenlinea.com/reloj-grande-35-cm-hasta-60-cm.html;https://cr.epaenlinea.com/pub/media/version20200605/catalog/product/cache/cd25e414e6d4b32acec00305cb5c9bfb/0/4/0435624.jpg;19.295
Cuadro mediano 30 cm hasta 60 cm ;https://cr.epaenlinea.com/cuadro-mediano-30-cm-hasta-60-cm.html;https://cr.epaenlinea.com/pub/media/version20200605/catalog/product/cache/cd25e414e6d4b32acec00305cb5c9bfb/0/4/0435623.jpg;15.295
Argolla nogal 33 ml ;https://cr.epaenlinea.com/argolla-nogal-33-ml.html;https://cr.epaenlinea.com/pub/media/version20200605/catalog/product/cache/cd25e414e6d4b32acec00305cb5c9bfb/0/4/0407002.jpg;4.950
Papel tapiz texturizado rayas autoadhesivo ;https://cr.epaenlinea.com/papel-tapiz-texturizado-rayas-autoadhesivo.html;https://cr.epaenlinea.com/pub/media/version20200605/catalog/product/cache/cd25e414e6d4b32acec00305cb5c9bfb/0/4/0419145.jpg;24.950
Juego de 5 espejos negros ;https://cr.epaenlinea.com/juego-de-5-espejos-negros.html;https://cr.epaenlinea.com/pub/media/version20200605/catalog/product/cache/cd25e414e6d4b32acec00305cb5c9bfb/0/4/0435697_1.jpg;9.950
Alfombra gráfica cappucino 76cm x 46cm ;https://cr.epaenlinea.com/alfombra-grafica-cappucino-76cm-x-46cm.html;https://cr.epaenlinea.com/pub/media/version20200605/catalog/product/cache/cd25e414e6d4b32acec00305cb5c9bfb/0/4/0411115.jpg;6.950
Alfombra básica diseños variados 102cm x 51cm ;https://cr.epaenlinea.com/alfombra-basica-dise-os-variados-102cm-x-51cm.html;https://cr.epaenlinea.com/pub/media/version20200605/catalog/product/cache/cd25e414e6d4b32acec00305cb5c9bfb/0/4/0411113.jpg;5.995
Alfombra gráfica cuadro gris 127cm x 76cm ;https://cr.epaenlinea.com/alfombra-grafica-cuadro-gris-127cm-x-76cm.html;https://cr.epaenlinea.com/pub/media/version20200605/catalog/product/cache/cd25e414e6d4b32acec00305cb5c9bfb/0/4/0411111.jpg;5.995
Alfombra gráfica cuadros de colores 127cm x 76cm ;https://cr.epaenlinea.com/alfombra-grafica-cuadros-de-colores-127cm-x-76cm.html;https://cr.epaenlinea.com/pub/media/version20200605/catalog/product/cache/cd25e414e6d4b32acec00305cb5c9bfb/0/4/0411109.jpg;5.995
Alfombra para piso anti fatiga 91 x 91 cm ;https://cr.epaenlinea.com/alfombra-para-piso-anti-fatiga-91-x-91-cm.html;https://cr.epaenlinea.com/pub/media/version20200605/catalog/product/cache/cd25e414e6d4b32acec00305cb5c9bfb/0/4/0411103.jpg;17.550
Puerta lugano caoba con ventanillas 81 x 210 cm ;https://cr.epaenlinea.com/puerta-lugano-caoba-con-ventanillas-81-x-210-cm.html;https://cr.epaenlinea.com/pub/media/version20200605/catalog/product/cache/cd25e414e6d4b32acec00305cb5c9bfb/0/4/0433159.jpg;53.500
Tapete exterior variedad de colores 120 cm ;https://cr.epaenlinea.com/tapete-exterior-variedad-de-colores-120-cm.html;https://cr.epaenlinea.com/pub/media/version20200605/catalog/product/cache/cd25e414e6d4b32acec00305cb5c9bfb/0/4/0408296.jpg;24.950
Tablilla decorativa mardi gras 0,93m2 por paquete ;https://cr.epaenlinea.com/tablilla-decorativa-mardi-gras-0-93m2-por-paquete.html;https://cr.epaenlinea.com/pub/media/version20200605/catalog/product/cache/cd25e414e6d4b32acec00305cb5c9bfb/2/2/2259062_1.jpg;15.500
Cuadro tríptico 3 unidades ;https://cr.epaenlinea.com/cuadro-triptico-3-unidades.html;https://cr.epaenlinea.com/pub/media/version20200605/catalog/product/cache/cd25e414e6d4b32acec00305cb5c9bfb/0/4/0435275_4.jpg;26.950
Vela con aroma a manzana 3oz ;https://cr.epaenlinea.com/vela-con-aroma-a-manzana-3oz.html;https://cr.epaenlinea.com/pub/media/version20200605/catalog/product/cache/cd25e414e6d4b32acec00305cb5c9bfb/0/4/0446018.jpg;605
Vela con aroma a cereza 3oz ;https://cr.epaenlinea.com/vela-con-aroma-a-cereza-3oz.html;https://cr.epaenlinea.com/pub/media/version20200605/catalog/product/cache/cd25e414e6d4b32acec00305cb5c9bfb/0/4/0446010.jpg;605
Vela con aroma a canela 3oz ;https://cr.epaenlinea.com/vela-con-aroma-a-canela-3oz.html;https://cr.epaenlinea.com/pub/media/version20200605/catalog/product/cache/cd25e414e6d4b32acec00305cb5c9bfb/0/4/0446006.jpg;605
Vela de vainilla 3oz ;https://cr.epaenlinea.com/vela-de-vainilla-3oz.html;https://cr.epaenlinea.com/pub/media/version20200605/catalog/product/cache/cd25e414e6d4b32acec00305cb5c9bfb/0/4/0446002.jpg;605
Argolla plata 1 x 6 pulgadas ;https://cr.epaenlinea.com/argolla-plata-1-x-6-pulgadas.html;https://cr.epaenlinea.com/pub/media/version20200605/catalog/product/cache/cd25e414e6d4b32acec00305cb5c9bfb/0/4/0425148.jpg;3.225
Argolla española café de 1 x 6 pulgadas ;https://cr.epaenlinea.com/argolla-espa-ola-cafe-de-1-x-6-pulgadas.html;https://cr.epaenlinea.com/pub/media/version20200605/catalog/product/cache/cd25e414e6d4b32acec00305cb5c9bfb/0/4/0414385.jpg;1.770
Curva unión para tubo 1 pulgada café ;https://cr.epaenlinea.com/curva-union-para-tubo-1-pulgada-cafe.html;https://cr.epaenlinea.com/pub/media/version20200605/catalog/product/cache/cd25e414e6d4b32acec00305cb5c9bfb/0/4/0414384.jpg;3.995
Cortina blackout beige 137 x 229 cm (precio por pieza) ;https://cr.epaenlinea.com/cortina-blackout-beige-137-x-229-cm.html;https://cr.epaenlinea.com/pub/media/version20200605/catalog/product/cache/cd25e414e6d4b32acec00305cb5c9bfb/0/4/0437238.jpg;16.500
Cutter para instalación de sticker autoadhesivo ;https://cr.epaenlinea.com/cutter-para-instalacion-de-sticker-autoadhesivo.html;https://cr.epaenlinea.com/pub/media/version20200605/catalog/product/cache/cd25e414e6d4b32acec00305cb5c9bfb/0/4/0419151.jpg;6.950
Sticker decorativo frozen ;https://cr.epaenlinea.com/sticker-decorativo-frozen.html;https://cr.epaenlinea.com/pub/media/version20200605/catalog/product/cache/cd25e414e6d4b32acec00305cb5c9bfb/0/4/0420131.jpg;13.250
Sticker decorativo madera vintage ;https://cr.epaenlinea.com/sticker-decorativo-madera-vintage.html;https://cr.epaenlinea.com/pub/media/version20200605/catalog/product/cache/cd25e414e6d4b32acec00305cb5c9bfb/0/4/0420130.jpg;19.950
Sticker decorativo flor de cerezo 3d ;https://cr.epaenlinea.com/sticker-decorativo-flor-de-cerezo-3d.html;https://cr.epaenlinea.com/pub/media/version20200605/catalog/product/cache/cd25e414e6d4b32acec00305cb5c9bfb/0/4/0420129.jpg;19.950
Sticker decorativo palma verde ;https://cr.epaenlinea.com/sticker-decorativo-palma-verde.html;https://cr.epaenlinea.com/pub/media/version20200605/catalog/product/cache/cd25e414e6d4b32acec00305cb5c9bfb/0/4/0420128.jpg;18.250
Sticker decorativo dulces sirenas ;https://cr.epaenlinea.com/sticker-decorativo-dulces-sirenas.html;https://cr.epaenlinea.com/pub/media/version20200605/catalog/product/cache/cd25e414e6d4b32acec00305cb5c9bfb/0/4/0420127.jpg;11.195
Sticker decorativo amigos de la selva ;https://cr.epaenlinea.com/sticker-decorativo-amigos-de-la-selva.html;https://cr.epaenlinea.com/pub/media/version20200605/catalog/product/cache/cd25e414e6d4b32acec00305cb5c9bfb/0/4/0420126.jpg;11.195
Tornillo hexagonal milimétrico paso 1,25 8 x 20 ;https://cr.epaenlinea.com/tornillo-hexagonal-milimetrico-paso-1-25-8-x-20.html;https://cr.epaenlinea.com/pub/media/version20200605/catalog/product/cache/cd25e414e6d4b32acec00305cb5c9bfb/1/8/1851189.jpg;850
Tornillo hexagonal milimétrico paso 1,25 8 x 25 e-1 ;https://cr.epaenlinea.com/tornillo-hexagonal-milimetrico-paso-1-25-8-x-25-e-1.html;https://cr.epaenlinea.com/pub/media/version20200605/catalog/product/cache/cd25e414e6d4b32acec00305cb5c9bfb/1/8/1851190.jpg;1.595
Tornillo hexagonal milimétrico paso 1,25 8 x 30 e-1 ;https://cr.epaenlinea.com/tornillo-hexagonal-milimetrico-paso-1-25-8-x-30-e-1.html;https://cr.epaenlinea.com/pub/media/version20200605/catalog/product/cache/cd25e414e6d4b32acec00305cb5c9bfb/1/8/1851191.jpg;1.595
Tornillo cabeza hexagonal milimétrico 6 x 15 e-1 ;https://cr.epaenlinea.com/tornillo-cabeza-hexagonal-milimetrico-6-x-15-e-1.html;https://cr.epaenlinea.com/pub/media/version20200605/catalog/product/cache/cd25e414e6d4b32acec00305cb5c9bfb/1/8/1851227.jpg;995
Resorte de extensión #217 1 unidad ;https://cr.epaenlinea.com/resorte-de-extension-217-1-unidad.html;https://cr.epaenlinea.com/pub/media/version20200605/catalog/product/cache/cd25e414e6d4b32acec00305cb5c9bfb/1/8/1864111.jpg;4.875
Resorte de extensión #158 2 unidades ;https://cr.epaenlinea.com/resorte-de-extension-158-2-unidades.html;https://cr.epaenlinea.com/pub/media/version20200605/catalog/product/cache/cd25e414e6d4b32acec00305cb5c9bfb/1/8/1864122.jpg;1.785
Resorte de extensión #175 2 unidades ;https://cr.epaenlinea.com/resorte-de-extension-175-2-unidades.html;https://cr.epaenlinea.com/pub/media/version20200605/catalog/product/cache/cd25e414e6d4b32acec00305cb5c9bfb/1/8/1864125.jpg;3.875
Resorte de extensión #194 1 unidad ;https://cr.epaenlinea.com/resorte-de-extension-194-1-unidad.html;https://cr.epaenlinea.com/pub/media/version20200605/catalog/product/cache/cd25e414e6d4b32acec00305cb5c9bfb/1/8/1864126.jpg;3.150
Pomo con llave bronce tulipa 91160- 021 ;https://cr.epaenlinea.com/pomo-con-llave-bronce-tulipa-91160-021.html;https://cr.epaenlinea.com/pub/media/version20200605/catalog/product/cache/cd25e414e6d4b32acec00305cb5c9bfb/1/9/1918068.jpg;9.750
Pomo con llave acero inoxidable acabado bronce ;https://cr.epaenlinea.com/pomo-con-llave-acero-inoxidable-acabado-bronce.html;https://cr.epaenlinea.com/pub/media/version20200605/catalog/product/cache/cd25e414e6d4b32acec00305cb5c9bfb/1/9/1918103.jpg;9.450
Cerrojo kent doble de acero inoxidable ;https://cr.epaenlinea.com/cerrojo-kent-doble-de-acero-inoxidable.html;https://cr.epaenlinea.com/pub/media/version20200605/catalog/product/cache/cd25e414e6d4b32acec00305cb5c9bfb/1/9/1933075.jpg;10.995
Manija 045 de aluminio níquel cepillado de 128mm ;https://cr.epaenlinea.com/manija-045-de-aluminio-niquel-cepillado-de-128mm.html;https://cr.epaenlinea.com/pub/media/version20200605/catalog/product/cache/cd25e414e6d4b32acec00305cb5c9bfb/1/9/1981400.jpg;795
Manija 192 zamak níquel cepillado de 96mm ;https://cr.epaenlinea.com/manija-192-zamak-niquel-cepillado-de-96mm.html;https://cr.epaenlinea.com/pub/media/version20200605/catalog/product/cache/cd25e414e6d4b32acec00305cb5c9bfb/1/9/1981401.jpg;995
Manija 021 de acero inoxidable mate de 64mm ;https://cr.epaenlinea.com/manija-021-de-acero-inoxidable-mate-de-64mm.html;https://cr.epaenlinea.com/pub/media/version20200605/catalog/product/cache/cd25e414e6d4b32acec00305cb5c9bfb/1/9/1981406.jpg;450
Manija 021 de acero inoxidable mate de 256mm ;https://cr.epaenlinea.com/manija-021-de-acero-inoxidable-mate-de-256mm.html;https://cr.epaenlinea.com/pub/media/version20200605/catalog/product/cache/cd25e414e6d4b32acec00305cb5c9bfb/1/9/1981411.jpg;810
Tornillo hexagonal milimétrico paso 1,25 8 x 40 e-1 ;https://cr.epaenlinea.com/tornillo-hexagonal-milimetrico-paso-1-25-8-x-40-e-1.html;https://cr.epaenlinea.com/pub/media/version20200605/catalog/product/cache/cd25e414e6d4b32acec00305cb5c9bfb/1/8/1851192.jpg;930
Tornillo hexagonal milimétrico paso 1,25 8 x 50 e-1 ;https://cr.epaenlinea.com/tornillo-hexagonal-milimetrico-paso-1-25-8-x-50-e-1.html;https://cr.epaenlinea.com/pub/media/version20200605/catalog/product/cache/cd25e414e6d4b32acec00305cb5c9bfb/1/8/1851193.jpg;2.395
Tornillo tipo estufa cilíndrico milimétrico 6 x 12 e-1 ;https://cr.epaenlinea.com/tornillo-tipo-estufa-cilindrico-milimetrico-6-x-12-e-1.html;https://cr.epaenlinea.com/pub/media/version20200605/catalog/product/cache/cd25e414e6d4b32acec00305cb5c9bfb/1/8/1851210.jpg;1.495
Tornillo tipo estufa cilíndrico milimétrico 6 x 16 e-2 ;https://cr.epaenlinea.com/tornillo-tipo-estufa-cilindrico-milimetrico-6-x-16-e-2.html;https://cr.epaenlinea.com/pub/media/version20200605/catalog/product/cache/cd25e414e6d4b32acec00305cb5c9bfb/1/8/1851211.jpg;980
Tornillo tipo estufa cilíndrico milimétrico 6 x 20 e-1 ;https://cr.epaenlinea.com/tornillo-tipo-estufa-cilindrico-milimetrico-6-x-20-e-1.html;https://cr.epaenlinea.com/pub/media/version20200605/catalog/product/cache/cd25e414e6d4b32acec00305cb5c9bfb/1/8/1851212.jpg;760
Tornillo tipo estufa cilíndrico milimetrico 6 x 50 e-1 ;https://cr.epaenlinea.com/tornillo-tipo-estufa-cilindrico-milimetrico-6-x-50-e-1.html;https://cr.epaenlinea.com/pub/media/version20200605/catalog/product/cache/cd25e414e6d4b32acec00305cb5c9bfb/1/8/1851215.jpg;2.050
"Tornillo tirafondo 1/4"" x 2-1/2"" 5 unidades ";https://cr.epaenlinea.com/tornillo-tirafondo-1-4-x-2-1-2-5-unidades.html;https://cr.epaenlinea.com/pub/media/version20200605/catalog/product/cache/cd25e414e6d4b32acec00305cb5c9bfb/1/8/1852786.jpg;510
"Tornillo tirafondo 1/4"" x 3"" 3 unidades ";https://cr.epaenlinea.com/tornillo-tirafondo-1-4-x-3-3-unidades.html;https://cr.epaenlinea.com/pub/media/version20200605/catalog/product/cache/cd25e414e6d4b32acec00305cb5c9bfb/1/8/1852787.jpg;245
"Tornillo tirafondo 1/4"" x 4"" 3 unidades ";https://cr.epaenlinea.com/tornillo-tirafondo-1-4-x-4-3-unidades.html;https://cr.epaenlinea.com/pub/media/version20200605/catalog/product/cache/cd25e414e6d4b32acec00305cb5c9bfb/1/8/1852789.jpg;535
"Tornillo tirafondo 1/4"" x 5"" 1 unidad ";https://cr.epaenlinea.com/tornillo-tirafondo-1-4-x-5-1-unidad.html;https://cr.epaenlinea.com/pub/media/version20200605/catalog/product/cache/cd25e414e6d4b32acec00305cb5c9bfb/1/8/1852790.jpg;220
"Tornillo tirafondo 1/4"" x 6"" 1 unidad ";https://cr.epaenlinea.com/tornillo-tirafondo-1-4-x-6-1-unidad.html;https://cr.epaenlinea.com/pub/media/version20200605/catalog/product/cache/cd25e414e6d4b32acec00305cb5c9bfb/1/8/1852791.jpg;160
"Tornillo tirafondo 5/16"" x 2"" 5 unidades ";https://cr.epaenlinea.com/tornillo-tirafondo-5-16-x-2-5-unidades.html;https://cr.epaenlinea.com/pub/media/version20200605/catalog/product/cache/cd25e414e6d4b32acec00305cb5c9bfb/1/8/1852795.jpg;710
"Tornillo tirafondo 5/16"" x 3"" 3 unidades ";https://cr.epaenlinea.com/tornillo-tirafondo-5-16-x-3-3-unidades.html;https://cr.epaenlinea.com/pub/media/version20200605/catalog/product/cache/cd25e414e6d4b32acec00305cb5c9bfb/1/8/1852797.jpg;799
"Tornillo tirafondo 5/16"" x 4"" 3 unidades ";https://cr.epaenlinea.com/tornillo-tirafondo-5-16-x-4-3-unidades.html;https://cr.epaenlinea.com/pub/media/version20200605/catalog/product/cache/cd25e414e6d4b32acec00305cb5c9bfb/1/8/1852799.jpg;620
"Tornillo tirafondo 5/16"" x 5"" 1 unidad ";https://cr.epaenlinea.com/tornillo-tirafondo-5-16-x-5-1-unidad.html;https://cr.epaenlinea.com/pub/media/version20200605/catalog/product/cache/cd25e414e6d4b32acec00305cb5c9bfb/1/8/1852819.jpg;335
"Tornillo tirafondo 5/16"" x 6"" 1 unidad ";https://cr.epaenlinea.com/tornillo-tirafondo-5-16-x-6-1-unidad.html;https://cr.epaenlinea.com/pub/media/version20200605/catalog/product/cache/cd25e414e6d4b32acec00305cb5c9bfb/1/8/1852820.jpg;255
"Tornillo tirafondo 3/8"" x 6"" 1 unidad ";https://cr.epaenlinea.com/tornillo-tirafondo-3-8-x-6-1-unidad.html;https://cr.epaenlinea.com/pub/media/version20200605/catalog/product/cache/cd25e414e6d4b32acec00305cb5c9bfb/1/8/1852831.jpg;355
 lija de agua de alto rendimiento de grano fino de 1000 ;https://cr.epaenlinea.com/lija-de-agua-de-alto-rendimiento-de-grano-fino-de-1000.html;https://cr.epaenlinea.com/pub/media/version20200605/catalog/product/cache/cd25e414e6d4b32acec00305cb5c9bfb/1/4/1441001.jpg;789
Accesorio para lijar y pulir con disco de respando de goma  Regular: ¢9.250 i.v.a. ;https://cr.epaenlinea.com/accesorio-para-lijar-y-pulir-con-disco-de-respando-de-goma.html;https://cr.epaenlinea.com/pub/media/version20200605/catalog/product/cache/cd25e414e6d4b32acec00305cb5c9bfb/1/4/1430333.jpg;5.950
Aceite campbell para compresor ;https://cr.epaenlinea.com/aceite-campbell-para-compresor.html;https://cr.epaenlinea.com/pub/media/version20200605/catalog/product/cache/cd25e414e6d4b32acec00305cb5c9bfb/1/4/1447037_5.jpg;3.995
Aceite para herramienta neumática 237 ml ;https://cr.epaenlinea.com/aceite-para-herramienta-neumatica-237-ml.html;https://cr.epaenlinea.com/pub/media/version20200605/catalog/product/cache/cd25e414e6d4b32acec00305cb5c9bfb/1/4/1447089.jpg;2.250
Aceite semi sintético para motor de herramientas eléctricas en presentación de 100 ml ;https://cr.epaenlinea.com/aceite-semi-sintetico-para-motor-de-herramientas-electricas-en-presentacion-de-100-ml.html;https://cr.epaenlinea.com/pub/media/version20200605/catalog/product/cache/cd25e414e6d4b32acec00305cb5c9bfb/1/0/1003073.jpg;2.795
Acople de rotación 1/4 pulgada ;https://cr.epaenlinea.com/acople-de-rotacion-1-4-pulgada.html;https://cr.epaenlinea.com/pub/media/version20200605/catalog/product/cache/cd25e414e6d4b32acec00305cb5c9bfb/1/4/1447097.jpg;5.950
Acople de seguridad con botón de alivio 1/4 pulgada ;https://cr.epaenlinea.com/acople-de-seguridad-con-boton-de-alivio-1-4-pulgada.html;https://cr.epaenlinea.com/pub/media/version20200605/catalog/product/cache/cd25e414e6d4b32acec00305cb5c9bfb/1/4/1447096.jpg;5.850
Acople para mini sierra dremel 670 ;https://cr.epaenlinea.com/acople-para-mini-sierra-dremel-670.html;https://cr.epaenlinea.com/pub/media/version20200605/catalog/product/cache/cd25e414e6d4b32acec00305cb5c9bfb/1/4/1456056.jpg;26.500
Acople rápido hembra-hembra 1/4 pulgada ;https://cr.epaenlinea.com/acople-rapido-hembra-hembra-1-4-pulgada.html;https://cr.epaenlinea.com/pub/media/version20200605/catalog/product/cache/cd25e414e6d4b32acec00305cb5c9bfb/1/4/1447084.jpg;3.995
Acople rápido hembra-macho 1/4 pulgada ;https://cr.epaenlinea.com/acople-rapido-hembra-macho-1-4-pulgada.html;https://cr.epaenlinea.com/pub/media/version20200605/catalog/product/cache/cd25e414e6d4b32acec00305cb5c9bfb/1/4/1447085.jpg;3.995
Acoples rápidos juego 1/4 pulgada 4 piezas ;https://cr.epaenlinea.com/acoples-rapidos-juego-1-4-pulgada-4-piezas.html;https://cr.epaenlinea.com/pub/media/version20200605/catalog/product/cache/cd25e414e6d4b32acec00305cb5c9bfb/1/4/1447017.jpg;4.950
Adaptador 1/2  pulgada a 3/8 pulgada ;https://cr.epaenlinea.com/adaptador-1-2-pulgada-a-3-8-pulgada.html;https://cr.epaenlinea.com/pub/media/version20200605/catalog/product/cache/cd25e414e6d4b32acec00305cb5c9bfb/1/2/1222137.jpg;3.650
Adaptador 3/8 pulgada a 1/2 pulgada ;https://cr.epaenlinea.com/adaptador-3-8-pulgada-a-1-2-pulgada.html;https://cr.epaenlinea.com/pub/media/version20200605/catalog/product/cache/cd25e414e6d4b32acec00305cb5c9bfb/1/2/1222136.jpg;3.450
Adaptador 3/8 pulgada a 1/2 pulgada stanley ;https://cr.epaenlinea.com/adaptador-3-8-pulgada-a-1-2-pulgada-stanley.html;https://cr.epaenlinea.com/pub/media/version20200605/catalog/product/cache/cd25e414e6d4b32acec00305cb5c9bfb/1/2/1222023.jpg;1.995
Adaptador 3/8 pulgada a 1/4 pulgada ;https://cr.epaenlinea.com/adaptador-3-8-pulgada-a-1-4-pulgada.html;https://cr.epaenlinea.com/pub/media/version20200605/catalog/product/cache/cd25e414e6d4b32acec00305cb5c9bfb/1/2/1222021.jpg;1.650
Adaptador de 1/2 a 3/8 de pulgada ;https://cr.epaenlinea.com/adaptador-de-1-2-a-3-8-de-pulgada.html;https://cr.epaenlinea.com/pub/media/version20200605/catalog/product/cache/cd25e414e6d4b32acec00305cb5c9bfb/1/2/1222022.jpg;2.250
Adaptador de 1/4 a 3/8 de pulgada ;https://cr.epaenlinea.com/adaptador-de-1-4-a-3-8-de-pulgada.html;https://cr.epaenlinea.com/pub/media/version20200605/catalog/product/cache/cd25e414e6d4b32acec00305cb5c9bfb/1/2/1222078.jpg;1.590
Adaptador de 3/4 a 1/2 pulgada ;https://cr.epaenlinea.com/adaptador-de-3-4-a-1-2-pulgada.html;https://cr.epaenlinea.com/pub/media/version20200605/catalog/product/cache/cd25e414e6d4b32acec00305cb5c9bfb/1/2/1222079.jpg;5.895
Adaptador de 3/8 pulgada a 1/2 pulgada ;https://cr.epaenlinea.com/adaptador-de-3-8-pulgada-a-1-2-pulgada.html;https://cr.epaenlinea.com/pub/media/version20200605/catalog/product/cache/cd25e414e6d4b32acec00305cb5c9bfb/1/2/1222122.jpg;1.395
Adaptador macho de 1/4pulgada a 3/8 pulgada ;https://cr.epaenlinea.com/adaptador-macho-de-1-4pulgada-a-3-8-pulgada.html;https://cr.epaenlinea.com/pub/media/version20200605/catalog/product/cache/cd25e414e6d4b32acec00305cb5c9bfb/1/4/1447090.jpg;2.125
Adaptador para taladro 1/2 pulgada ;https://cr.epaenlinea.com/adaptador-para-taladro-1-2-pulgada.html;https://cr.epaenlinea.com/pub/media/version20200605/catalog/product/cache/cd25e414e6d4b32acec00305cb5c9bfb/1/4/1430210.jpg;4.650
Adaptador para taladro 1/4 pulgada ;https://cr.epaenlinea.com/adaptador-para-taladro-1-4-pulgada.html;https://cr.epaenlinea.com/pub/media/version20200605/catalog/product/cache/cd25e414e6d4b32acec00305cb5c9bfb/1/4/1430208.jpg;2.695
Adaptador para taladro 3/8 pulgada ;https://cr.epaenlinea.com/adaptador-para-taladro-3-8-pulgada.html;https://cr.epaenlinea.com/pub/media/version20200605/catalog/product/cache/cd25e414e6d4b32acec00305cb5c9bfb/1/4/1430209.jpg;2.995
"Afilador para herramientas de 5 - 1/2 "" ";https://cr.epaenlinea.com/afilador-para-herramientas-de-5-1-2.html;https://cr.epaenlinea.com/pub/media/version20200605/catalog/product/cache/cd25e414e6d4b32acec00305cb5c9bfb/1/2/1284152.jpg;2.350
Alicate aislado de puntas de 6-1/2 pulgadas ;https://cr.epaenlinea.com/alicate-aislado-de-puntas-de-6-1-2-pulgadas.html;https://cr.epaenlinea.com/pub/media/version20200605/catalog/product/cache/cd25e414e6d4b32acec00305cb5c9bfb/1/2/1202026.jpg;13.350
"Alicate articulado pico de loro 10"" ";https://cr.epaenlinea.com/alicate-articulado-pico-de-loro-10.html;https://cr.epaenlinea.com/pub/media/version20200605/catalog/product/cache/cd25e414e6d4b32acec00305cb5c9bfb/1/2/1202012_8.jpg;11.250
Alicate corte diagonal 6 pulgadas ;https://cr.epaenlinea.com/alicate-corte-diagonal-6-pulgadas.html;https://cr.epaenlinea.com/pub/media/version20200605/catalog/product/cache/cd25e414e6d4b32acec00305cb5c9bfb/1/2/1204216.jpg;5.795
Alicate corte diagonal 7 pulgadas ;https://cr.epaenlinea.com/alicate-corte-diagonal-7-pulgadas.html;https://cr.epaenlinea.com/pub/media/version20200605/catalog/product/cache/cd25e414e6d4b32acec00305cb5c9bfb/1/2/1204217.jpg;6.295
Alicate corte diagonal compound 8 pulgadas ;https://cr.epaenlinea.com/alicate-corte-diagonal-compound-8-pulgadas.html;https://cr.epaenlinea.com/pub/media/version20200605/catalog/product/cache/cd25e414e6d4b32acec00305cb5c9bfb/1/2/1204218.jpg;12.495
Alicate corte diagonal mini 4.5 pulgadas ;https://cr.epaenlinea.com/alicate-corte-diagonal-mini-4-5-pulgadas.html;https://cr.epaenlinea.com/pub/media/version20200605/catalog/product/cache/cd25e414e6d4b32acec00305cb5c9bfb/1/2/1204215.jpg;5.795
Alicate corte frontal de 8 pulgadas ;https://cr.epaenlinea.com/alicate-corte-frontal-de-8-pulgadas.html;https://cr.epaenlinea.com/pub/media/version20200605/catalog/product/cache/cd25e414e6d4b32acec00305cb5c9bfb/1/2/1204008.jpg;8.750
Alicate de 6 pulgadas de corte diagonal ;https://cr.epaenlinea.com/alicate-de-6-pulgadas-de-corte-diagonal.html;https://cr.epaenlinea.com/pub/media/version20200605/catalog/product/cache/cd25e414e6d4b32acec00305cb5c9bfb/1/2/1204030.jpg;8.295
Teléfono celular samsung galaxy a21s color negro ;https://cr.epaenlinea.com/telefono-celular-samsung-galaxy-a21s-color-negro.html;https://cr.epaenlinea.com/pub/media/version20200605/catalog/product/cache/cd25e414e6d4b32acec00305cb5c9bfb/1/6/1675085_1.jpg;155.000
Teléfono celular samsung galaxy a12 color azul ;https://cr.epaenlinea.com/telefono-celular-samsung-galaxy-a12-color-azul.html;https://cr.epaenlinea.com/pub/media/version20200605/catalog/product/cache/cd25e414e6d4b32acec00305cb5c9bfb/1/6/1675086.jpg;134.950
Teléfono celular samsung s20fe color blanco ;https://cr.epaenlinea.com/telefono-celular-samsung-s20fe-color-blanco.html;https://cr.epaenlinea.com/pub/media/version20200605/catalog/product/cache/cd25e414e6d4b32acec00305cb5c9bfb/1/6/1675078.jpg;389.450
Teléfono celular samsung a32 color negro de 128gb ;https://cr.epaenlinea.com/telefono-celular-samsung-a32-color-negro-de-128gb.html;https://cr.epaenlinea.com/pub/media/version20200605/catalog/product/cache/cd25e414e6d4b32acec00305cb5c9bfb/1/6/1675095.jpg;199.950
Teléfono celular samsung a02 color negro de 64gb ;https://cr.epaenlinea.com/telefono-celular-samsung-a02-color-negro-de-64gb.html;https://cr.epaenlinea.com/pub/media/version20200605/catalog/product/cache/cd25e414e6d4b32acec00305cb5c9bfb/1/6/1675088.jpg;99.950
Teléfono celular samsung galaxy a72 color azul ;https://cr.epaenlinea.com/telefono-celular-samsung-galaxy-a72-color-azul.html;https://cr.epaenlinea.com/pub/media/version20200605/catalog/product/cache/cd25e414e6d4b32acec00305cb5c9bfb/1/6/1675087.jpg;309.450
Cargador para iphone de 1 metro 2,4a ;https://cr.epaenlinea.com/cargador-para-iphone-de-1-metro-2-4a.html;https://cr.epaenlinea.com/pub/media/version20200605/catalog/product/cache/cd25e414e6d4b32acec00305cb5c9bfb/1/6/1675094.jpg;10.995
Cargador usb-c de 1 metro 3.1a ;https://cr.epaenlinea.com/cargador-usb-c-de-1-metro-3-1a.html;https://cr.epaenlinea.com/pub/media/version20200605/catalog/product/cache/cd25e414e6d4b32acec00305cb5c9bfb/1/6/1675093.jpg;7.995
Soporte tipo anillo para teléfono ;https://cr.epaenlinea.com/soporte-tipo-anillo-para-telefono.html;https://cr.epaenlinea.com/pub/media/version20200605/catalog/product/cache/cd25e414e6d4b32acec00305cb5c9bfb/1/6/1675091.jpg;4.995
Cable usb - c de 3 metros go tough ;https://cr.epaenlinea.com/cable-usb-c-de-3-metros-go-tough.html;https://cr.epaenlinea.com/pub/media/version20200605/catalog/product/cache/cd25e414e6d4b32acec00305cb5c9bfb/1/6/1675075.jpg;5.995
Cable usb para iphone de 3 mts uso rudo ;https://cr.epaenlinea.com/cable-usb-para-iphone-de-3-mts-uso-rudo.html;https://cr.epaenlinea.com/pub/media/version20200605/catalog/product/cache/cd25e414e6d4b32acec00305cb5c9bfb/1/6/1675040.jpg;10.250
"Computadora portátil lenovo 82c6001elm de 14 "" amd ath 4gb 500g  Regular: ¢289.500 i.v.a. ";https://cr.epaenlinea.com/laptop-lenovo-82c6001elm-de-14-amd-ath-4gb-500g.html;https://cr.epaenlinea.com/pub/media/version20200605/catalog/product/cache/cd25e414e6d4b32acec00305cb5c9bfb/1/6/1677087.jpg;259.500
Aire acondicionado  12.000 btu convencional  208-230v ciac ;https://cr.epaenlinea.com/aire-acondicionado-12-000-btu-convencional-208-230v-ciac.html;https://cr.epaenlinea.com/pub/media/version20200605/catalog/product/cache/cd25e414e6d4b32acec00305cb5c9bfb/2/3/2370061_27.jpg;235.000
Perchero 3 ganchos dobles en madera blanco ;https://cr.epaenlinea.com/perchero-3-ganchos-dobles-en-madera-blanco.html;https://cr.epaenlinea.com/pub/media/version20200605/catalog/product/cache/cd25e414e6d4b32acec00305cb5c9bfb/1/8/1833186.jpg;7.195
Cámara hd de interior 8,1 x 8,1 x 11 cm ;https://cr.epaenlinea.com/camara-hd-de-interior-8-1-x-8-1-x-11-cm.html;https://cr.epaenlinea.com/pub/media/version20200605/catalog/product/cache/cd25e414e6d4b32acec00305cb5c9bfb/1/6/1673000.jpg;29.995
Cámara hd para exterior 15,8 x 6 x 6 cm  Regular: ¢38.950 i.v.a. ;https://cr.epaenlinea.com/camara-hd-para-exterior-15-8-x-6-x-6-cm.html;https://cr.epaenlinea.com/pub/media/version20200605/catalog/product/cache/cd25e414e6d4b32acec00305cb5c9bfb/1/6/1673001.jpg;31.950
Cámara inalámbrica 5.7 x 6.5 x 8.6 cm ;https://cr.epaenlinea.com/camara-inalambrica-5-7-x-6-5-x-8-6-cm.html;https://cr.epaenlinea.com/pub/media/version20200605/catalog/product/cache/cd25e414e6d4b32acec00305cb5c9bfb/1/6/1673002.jpg;49.950
Cámara bombillo 360° e27  Regular: ¢37.500 i.v.a. ;https://cr.epaenlinea.com/camara-bombillo-360-e27.html;https://cr.epaenlinea.com/pub/media/version20200605/catalog/product/cache/cd25e414e6d4b32acec00305cb5c9bfb/1/6/1673003.jpg;29.995
Luz led trasera para bicicleta ;https://cr.epaenlinea.com/luz-led-trasera-para-bicicleta.html;https://cr.epaenlinea.com/pub/media/version20200605/catalog/product/cache/cd25e414e6d4b32acec00305cb5c9bfb/2/7/2715164.jpg;4.475
Protector de esquinas transparente 4 unidades ;https://cr.epaenlinea.com/protector-de-esquinas-transparente-4-unidades.html;https://cr.epaenlinea.com/pub/media/version20200605/catalog/product/cache/cd25e414e6d4b32acec00305cb5c9bfb/2/7/2703031.jpg;6.195
Seguro para puertas 1 unidad ;https://cr.epaenlinea.com/seguro-para-puertas-1-unidad.html;https://cr.epaenlinea.com/pub/media/version20200605/catalog/product/cache/cd25e414e6d4b32acec00305cb5c9bfb/2/7/2703030.jpg;3.095
Tendedero retráctil de 12 mts ;https://cr.epaenlinea.com/tendedero-retractil-de-12-mts.html;https://cr.epaenlinea.com/pub/media/version20200605/catalog/product/cache/cd25e414e6d4b32acec00305cb5c9bfb/0/7/0758033_1.jpg;17.950
Buzón para cartas mediano ;https://cr.epaenlinea.com/buzon-para-cartas-mediano.html;https://cr.epaenlinea.com/pub/media/version20200605/catalog/product/cache/cd25e414e6d4b32acec00305cb5c9bfb/2/7/2766000.jpg;11.395
Gancho metal con tornillo blanco soporta 7 kg 1 pieza ;https://cr.epaenlinea.com/gancho-metal-con-tornillo-blanco-soporta-7-kg-1-pieza.html;https://cr.epaenlinea.com/pub/media/version20200605/catalog/product/cache/cd25e414e6d4b32acec00305cb5c9bfb/1/8/1833123.jpg;6.795
Gancho cromado atornillable soporta 22 kg 10 piezas ;https://cr.epaenlinea.com/gancho-cromado-atornillable-soporta-22-kg-10-piezas.html;https://cr.epaenlinea.com/pub/media/version20200605/catalog/product/cache/cd25e414e6d4b32acec00305cb5c9bfb/1/8/1833120.jpg;6.650
Gancho argolla d grande atornillable 4 piezas ;https://cr.epaenlinea.com/gancho-argolla-d-grande-atornillable-4-piezas.html;https://cr.epaenlinea.com/pub/media/version20200605/catalog/product/cache/cd25e414e6d4b32acec00305cb5c9bfb/1/8/1833118.jpg;2.250
Gancho plástico adhesivo multiuso 2 piezas ;https://cr.epaenlinea.com/gancho-plastico-adhesivo-multiuso-2-piezas.html;https://cr.epaenlinea.com/pub/media/version20200605/catalog/product/cache/cd25e414e6d4b32acec00305cb5c9bfb/1/8/1833115.jpg;2.250
Gancho metálico clásico atornillable soporta 34 kg 1 pieza ;https://cr.epaenlinea.com/gancho-metalico-clasico-atornillable-soporta-34-kg-1-pieza.html;https://cr.epaenlinea.com/pub/media/version20200605/catalog/product/cache/cd25e414e6d4b32acec00305cb5c9bfb/1/8/1833109.jpg;2.950
Gancho metálico clásico atornillable soporta 22 kg 2 piezas ;https://cr.epaenlinea.com/gancho-metalico-clasico-atornillable-soporta-22-kg-2-piezas.html;https://cr.epaenlinea.com/pub/media/version20200605/catalog/product/cache/cd25e414e6d4b32acec00305cb5c9bfb/1/8/1833108.jpg;2.950
Gancho metálico clásico atornillable soporta 9 kg 3 piezas ;https://cr.epaenlinea.com/gancho-metalico-clasico-atornillable-soporta-9-kg-3-piezas.html;https://cr.epaenlinea.com/pub/media/version20200605/catalog/product/cache/cd25e414e6d4b32acec00305cb5c9bfb/1/8/1833107.jpg;2.950
Soporte para cuadros, metal atornillable 1 3/4 x 1 1/2 ´pulgadas 2 piezas ;https://cr.epaenlinea.com/soporte-para-cuadros-metal-atornillable-1-3-4-x-1-1-2-pulgadas-2-piezas.html;https://cr.epaenlinea.com/pub/media/version20200605/catalog/product/cache/cd25e414e6d4b32acec00305cb5c9bfb/1/8/1833093.jpg;4.425
Kit gancho para cuadros atornillable soporta 22 kg 2 juegos ;https://cr.epaenlinea.com/kit-gancho-para-cuadros-atornillable-soporta-22-kg-2-juegos.html;https://cr.epaenlinea.com/pub/media/version20200605/catalog/product/cache/cd25e414e6d4b32acec00305cb5c9bfb/1/8/1833086.jpg;3.425
Fertilizante fórmula completa ;https://cr.epaenlinea.com/fertilizante-formula-completa.html;https://cr.epaenlinea.com/pub/media/version20200605/catalog/product/cache/cd25e414e6d4b32acec00305cb5c9bfb/0/8/0828603_16.jpg;3.095
Piscina spa inflable 216cm x 71cm  Regular: ¢399.950 i.v.a. ;https://cr.epaenlinea.com/piscina-spa-inflable-216cm-x-71cm.html;https://cr.epaenlinea.com/pub/media/version20200605/catalog/product/cache/cd25e414e6d4b32acec00305cb5c9bfb/3/1/3129000.jpg;339.500
Juego de jardín para exterior gran rey ;https://cr.epaenlinea.com/juego-de-jardin-para-exterior-gran-rey.html;https://cr.epaenlinea.com/pub/media/version20200605/catalog/product/cache/cd25e414e6d4b32acec00305cb5c9bfb/3/1/3122331.jpg;1.325.950
Juego de jardín para exterior kotor blanco ;https://cr.epaenlinea.com/juego-de-jardin-para-exterior-kotor-blanco.html;https://cr.epaenlinea.com/pub/media/version20200605/catalog/product/cache/cd25e414e6d4b32acec00305cb5c9bfb/3/1/3122330.jpg;725.000
Juego de jardín para exterior ora ;https://cr.epaenlinea.com/juego-de-jardin-para-exterior-ora.html;https://cr.epaenlinea.com/pub/media/version20200605/catalog/product/cache/cd25e414e6d4b32acec00305cb5c9bfb/3/1/3122328.jpg;999.995
Juego de jardín para exterior pololem ;https://cr.epaenlinea.com/juego-de-jardin-para-exterior-pololem.html;https://cr.epaenlinea.com/pub/media/version20200605/catalog/product/cache/cd25e414e6d4b32acec00305cb5c9bfb/3/1/3122327.jpg;1.579.950
Juego de jardín para exterior rambusquí ;https://cr.epaenlinea.com/juego-de-jardin-para-exterior-rambusqui.html;https://cr.epaenlinea.com/pub/media/version20200605/catalog/product/cache/cd25e414e6d4b32acec00305cb5c9bfb/3/1/3122325.jpg;1.999.995
Juego de jardin bali sofá y mesa ;https://cr.epaenlinea.com/juego-de-jardin-bali-sofa-y-mesa.html;https://cr.epaenlinea.com/pub/media/version20200605/catalog/product/cache/cd25e414e6d4b32acec00305cb5c9bfb/3/1/3122301.jpg;1.609.950
Juego de exterior viena de color gris ;https://cr.epaenlinea.com/juego-de-exterior-viena-de-color-gris.html;https://cr.epaenlinea.com/pub/media/version20200605/catalog/product/cache/cd25e414e6d4b32acec00305cb5c9bfb/0/6/0627306_8.jpg;239.950
Set de exteriores de 4 piezas ;https://cr.epaenlinea.com/set-de-exteriores-de-4-piezas.html;https://cr.epaenlinea.com/pub/media/version20200605/catalog/product/cache/cd25e414e6d4b32acec00305cb5c9bfb/0/6/0627321_1.jpg;295.000
Cortasetos inalámbrico de 46cm y 18 v (batería se vende por separado)  Regular: ¢49.500 i.v.a. ;https://cr.epaenlinea.com/cortasetos-inalambrico-de-46cm-y-18-v-bateria-se-vende-por-separado.html;https://cr.epaenlinea.com/pub/media/version20200605/catalog/product/cache/cd25e414e6d4b32acec00305cb5c9bfb/1/4/1474013_8.jpg;40.950
Parrilla de gas signature 4 quemadores + 1 lateral ;https://cr.epaenlinea.com/parrilla-de-gas-signature-4-quemadores-1-lateral.html;https://cr.epaenlinea.com/pub/media/version20200605/catalog/product/cache/cd25e414e6d4b32acec00305cb5c9bfb/0/6/0646083.jpg;435.000
Planta artificial flor salvaje morada ;https://cr.epaenlinea.com/planta-artificial-flor-salvaje-morada.html;https://cr.epaenlinea.com/pub/media/version20200605/catalog/product/cache/cd25e414e6d4b32acec00305cb5c9bfb/0/8/0832150.jpg;2.695
Cortagrama de gasolina 21 pulgadas 6,5 hp  Regular: ¢375.000 i.v.a. ;https://cr.epaenlinea.com/cortagrama-de-gasolina-21-pulgadas-6-5-hp.html;https://cr.epaenlinea.com/pub/media/version20200605/catalog/product/cache/cd25e414e6d4b32acec00305cb5c9bfb/1/4/1464051_62.jpg;299.500
Cactus acrurensis pequeño ;https://cr.epaenlinea.com/cactus-acrurensis-peque-o.html;https://cr.epaenlinea.com/pub/media/version20200605/catalog/product/cache/cd25e414e6d4b32acec00305cb5c9bfb/0/8/0806041.jpg;9.695
Insecticida raid max cocinas 400 ml ;https://cr.epaenlinea.com/insecticida-raid-max-cocinas-400-ml.html;https://cr.epaenlinea.com/pub/media/version20200605/catalog/product/cache/cd25e414e6d4b32acec00305cb5c9bfb/0/8/0842107.jpg;3.650
Suculenta en maceta 7 x 9.5 cm ;https://cr.epaenlinea.com/suculenta-en-maceta-7-x-9-5-cm.html;https://cr.epaenlinea.com/pub/media/version20200605/catalog/product/cache/cd25e414e6d4b32acec00305cb5c9bfb/0/8/0832169.jpg;2.595
Plato vino #4 25 cm ;https://cr.epaenlinea.com/plato-vino-4-25-cm.html;https://cr.epaenlinea.com/pub/media/version20200605/catalog/product/cache/cd25e414e6d4b32acec00305cb5c9bfb/0/8/0821431.jpg;5.995
Plato gris mate #2 19 cm ;https://cr.epaenlinea.com/plato-gris-mate-2-19-cm.html;https://cr.epaenlinea.com/pub/media/version20200605/catalog/product/cache/cd25e414e6d4b32acec00305cb5c9bfb/0/8/0821429.jpg;2.895
Maceta vino #2 9 x 24 cm ;https://cr.epaenlinea.com/maceta-vino-2-9-x-24-cm.html;https://cr.epaenlinea.com/pub/media/version20200605/catalog/product/cache/cd25e414e6d4b32acec00305cb5c9bfb/0/8/0821428.jpg;5.350
Maceta lisa #2 gris mate 16 x 19 cm ;https://cr.epaenlinea.com/maceta-lisa-2-gris-mate-16-x-19-cm.html;https://cr.epaenlinea.com/pub/media/version20200605/catalog/product/cache/cd25e414e6d4b32acec00305cb5c9bfb/0/8/0821426.jpg;6.350
Maceta balcón capri 30 cm ;https://cr.epaenlinea.com/maceta-balcon-capri-30-cm.html;https://cr.epaenlinea.com/pub/media/version20200605/catalog/product/cache/cd25e414e6d4b32acec00305cb5c9bfb/0/8/0818704.jpg;5.995
Ginger variegado ;https://cr.epaenlinea.com/ginger-variegado.html;https://cr.epaenlinea.com/pub/media/version20200605/catalog/product/cache/cd25e414e6d4b32acec00305cb5c9bfb/0/8/0803222.jpg;4.250
Dracaena set 12 pulgadas ;https://cr.epaenlinea.com/dracaena-set-12-pulgadas.html;https://cr.epaenlinea.com/pub/media/version20200605/catalog/product/cache/cd25e414e6d4b32acec00305cb5c9bfb/0/8/0803154.jpg;5.950
Banano ;https://cr.epaenlinea.com/banano.html;https://cr.epaenlinea.com/pub/media/version20200605/catalog/product/cache/cd25e414e6d4b32acec00305cb5c9bfb/0/8/0801007_1.jpg;2.195
Café ;https://cr.epaenlinea.com/cafe.html;https://cr.epaenlinea.com/pub/media/version20200605/catalog/product/cache/cd25e414e6d4b32acec00305cb5c9bfb/0/8/0810020_1.jpg;2.750
Estabilizador de ph en presentación de 2 kg ;https://cr.epaenlinea.com/estabilizador-de-ph-en-presentacion-de-2-kg.html;https://cr.epaenlinea.com/pub/media/version20200605/catalog/product/cache/cd25e414e6d4b32acec00305cb5c9bfb/0/6/0674016_1.jpg;6.595
Set de 3 pistolas para riego ;https://cr.epaenlinea.com/set-de-3-pistolas-para-riego.html;https://cr.epaenlinea.com/pub/media/version20200605/catalog/product/cache/cd25e414e6d4b32acec00305cb5c9bfb/0/6/0652090.jpg;9.295
Pistola de 2 boquillas ;https://cr.epaenlinea.com/pistola-de-2-boquillas.html;https://cr.epaenlinea.com/pub/media/version20200605/catalog/product/cache/cd25e414e6d4b32acec00305cb5c9bfb/0/6/0650053.jpg;3.895
Calentador de leña o carbón 74 x 74 x 45 cm ;https://cr.epaenlinea.com/calentador-de-le-a-o-carbon-74-x-74-x-45-cm.html;https://cr.epaenlinea.com/pub/media/version20200605/catalog/product/cache/cd25e414e6d4b32acec00305cb5c9bfb/0/6/0616300.jpg;32.950
Calentador de leña o carbón 57 x 57 x 17 cm ;https://cr.epaenlinea.com/calentador-de-le-a-o-carbon-57-x-57-x-17-cm.html;https://cr.epaenlinea.com/pub/media/version20200605/catalog/product/cache/cd25e414e6d4b32acec00305cb5c9bfb/0/6/0616299.jpg;53.950
Set de maceta cala #4 blanca con base de cedro ;https://cr.epaenlinea.com/set-de-maceta-cala-4-blanca-con-base-de-cedro.html;https://cr.epaenlinea.com/pub/media/version20200605/catalog/product/cache/cd25e414e6d4b32acec00305cb5c9bfb/0/8/0821394_1.jpg;39.950
Deck teca 1.9 x 9 x 60 cm ;https://cr.epaenlinea.com/deck-teca-1-9-x-9-x-60-cm.html;https://cr.epaenlinea.com/pub/media/version20200605/catalog/product/cache/cd25e414e6d4b32acec00305cb5c9bfb/2/0/2020350_1.jpg;1.935
Deck teca 1.9 x 9 x 120 cm ;https://cr.epaenlinea.com/deck-teca-1-9-x-9-x-120-cm.html;https://cr.epaenlinea.com/pub/media/version20200605/catalog/product/cache/cd25e414e6d4b32acec00305cb5c9bfb/2/0/2020349_1.jpg;3.725
Tapacanto caoba 22 mm (precio por metro) ;https://cr.epaenlinea.com/tapacanto-caoba-22-mm-precio-por-metro.html;https://cr.epaenlinea.com/pub/media/version20200605/catalog/product/cache/cd25e414e6d4b32acec00305cb5c9bfb/2/0/2030353.jpg;185
Tapacanto walnut 19mm (precio por metro) ;https://cr.epaenlinea.com/tapacanto-walnut-19mm-precio-por-metro.html;https://cr.epaenlinea.com/pub/media/version20200605/catalog/product/cache/cd25e414e6d4b32acec00305cb5c9bfb/2/0/2030268.jpg;175
Tapacanto white 19mm (precio por metro) ;https://cr.epaenlinea.com/tapacanto-white-19mm-precio-por-metro.html;https://cr.epaenlinea.com/pub/media/version20200605/catalog/product/cache/cd25e414e6d4b32acec00305cb5c9bfb/2/0/2030264.jpg;175
Tapacanto charcoil flow 22 mm (precio por metro) ;https://cr.epaenlinea.com/tapacanto-charcoil-flow-22-mm-precio-por-metro.html;https://cr.epaenlinea.com/pub/media/version20200605/catalog/product/cache/cd25e414e6d4b32acec00305cb5c9bfb/2/0/2030234.jpg;185
Tapacanto grey nordic wood 22 mm (precio por metro) ;https://cr.epaenlinea.com/tapacanto-grey-nordic-wood-22-mm-precio-por-metro.html;https://cr.epaenlinea.com/pub/media/version20200605/catalog/product/cache/cd25e414e6d4b32acec00305cb5c9bfb/2/0/2030229.jpg;185
Tapacanto guarniere walnut 22 mm (precio por metro) ;https://cr.epaenlinea.com/tapacanto-guarniere-walnut-22-mm-precio-por-metro.html;https://cr.epaenlinea.com/pub/media/version20200605/catalog/product/cache/cd25e414e6d4b32acec00305cb5c9bfb/2/0/2030226.jpg;185
Tapacanto roble dakar 22 mm (precio por metro) ;https://cr.epaenlinea.com/tapacanto-roble-dakar-22-mm-precio-por-metro.html;https://cr.epaenlinea.com/pub/media/version20200605/catalog/product/cache/cd25e414e6d4b32acec00305cb5c9bfb/2/0/2030197.jpg;400
Tapacanto chocolate 22 mm (precio por metro) ;https://cr.epaenlinea.com/tapacanto-chocolate-22-mm-precio-por-metro.html;https://cr.epaenlinea.com/pub/media/version20200605/catalog/product/cache/cd25e414e6d4b32acec00305cb5c9bfb/2/0/2030192.jpg;185
Tapacanto grafito 22 mm (precio por metro) ;https://cr.epaenlinea.com/tapacanto-grafito-22-mm-precio-por-metro.html;https://cr.epaenlinea.com/pub/media/version20200605/catalog/product/cache/cd25e414e6d4b32acec00305cb5c9bfb/2/0/2030187.jpg;185
Lámina de melamina grafito 18 mm 183 x 244 cm ;https://cr.epaenlinea.com/lamina-de-melamina-grafito-18-mm-183-x-244-cm.html;https://cr.epaenlinea.com/pub/media/version20200605/catalog/product/cache/cd25e414e6d4b32acec00305cb5c9bfb/2/0/2030180.jpg;52.500
Plywood fenólico de 18 mm 122 x 244 cm ;https://cr.epaenlinea.com/plywood-18-mm-122-x-244-cm.html;https://cr.epaenlinea.com/pub/media/version20200605/catalog/product/cache/cd25e414e6d4b32acec00305cb5c9bfb/2/0/2015016.jpg;44.950
Laurel cepillado 1 x 2 pulgadas (4 varas) ;https://cr.epaenlinea.com/laurel-cepillado-1-x-2-pulgadas-4-varas.html;https://cr.epaenlinea.com/pub/media/version20200605/catalog/product/cache/cd25e414e6d4b32acec00305cb5c9bfb/2/0/2050142.jpg;2.095
Panel tablamel 19 mm 122 x 244 cm ;https://cr.epaenlinea.com/panel-tablamel-19-mm-122-x-244-cm.html;https://cr.epaenlinea.com/pub/media/version20200605/catalog/product/cache/cd25e414e6d4b32acec00305cb5c9bfb/2/0/2016051.jpg;59.950
Semiduro 1 x 6 pulgadas (4 varas) ;https://cr.epaenlinea.com/semiduro-1-x-6-pulgadas-4-varas.html;https://cr.epaenlinea.com/pub/media/version20200605/catalog/product/cache/cd25e414e6d4b32acec00305cb5c9bfb/2/0/2050130.jpg;3.650
Semiduro 1 x 6 pulgadas (3 varas) ;https://cr.epaenlinea.com/semiduro-1-x-6-pulgadas-3-varas.html;https://cr.epaenlinea.com/pub/media/version20200605/catalog/product/cache/cd25e414e6d4b32acec00305cb5c9bfb/2/0/2050123.jpg;2.995
Semiduro 1 x 12 pulgadas con unión (4 varas) ;https://cr.epaenlinea.com/semiduro-1-x-12-pulgadas-con-union-4-varas.html;https://cr.epaenlinea.com/pub/media/version20200605/catalog/product/cache/cd25e414e6d4b32acec00305cb5c9bfb/2/0/2050145.jpg;5.150
Regla laurel cepillado 1x4 pulgadas en 4 varas ;https://cr.epaenlinea.com/regla-laurel-cepillado-1x4-pulgadas-en-4-varas.html;https://cr.epaenlinea.com/pub/media/version20200605/catalog/product/cache/cd25e414e6d4b32acec00305cb5c9bfb/2/0/2050144.jpg;4.350
Regla laurel cepillado 2x3 pulgadas en 4 varas ;https://cr.epaenlinea.com/regla-laurel-cepillado-2x3-pulgadas-en-4-varas.html;https://cr.epaenlinea.com/pub/media/version20200605/catalog/product/cache/cd25e414e6d4b32acec00305cb5c9bfb/2/0/2050140_1.jpg;6.495
Regla laurel cepillado 2x2 pulgadas en 4 varas ;https://cr.epaenlinea.com/regla-laurel-cepillado-2x2-pulgadas-en-4-varas.html;https://cr.epaenlinea.com/pub/media/version20200605/catalog/product/cache/cd25e414e6d4b32acec00305cb5c9bfb/2/0/2050139_1.jpg;5.095
Regla laurel cepillado 1x3 pulgadas en 4 varas ;https://cr.epaenlinea.com/regla-laurel-cepillado-1x3-pulgadas-en-4-varas.html;https://cr.epaenlinea.com/pub/media/version20200605/catalog/product/cache/cd25e414e6d4b32acec00305cb5c9bfb/2/0/2050143.jpg;2.975
Deck teca 1.9 x 9 x 180 cm ;https://cr.epaenlinea.com/deck-teca-1-9-x-9-x-180-cm.html;https://cr.epaenlinea.com/pub/media/version20200605/catalog/product/cache/cd25e414e6d4b32acec00305cb5c9bfb/2/0/2020348_1.jpg;5.495
Deck pino impregnado 25 mm 15 x 360 cm ;https://cr.epaenlinea.com/deck-pino-impregnado-25-mm-15-x-360-cm.html;https://cr.epaenlinea.com/pub/media/version20200605/catalog/product/cache/cd25e414e6d4b32acec00305cb5c9bfb/2/0/2050136.jpg;13.050
Piso deck wpc ceniza 2.5 x 14 x 220 cm ;https://cr.epaenlinea.com/piso-deck-wpc-ceniza-2-5-x-14-x-220-cm.html;https://cr.epaenlinea.com/pub/media/version20200605/catalog/product/cache/cd25e414e6d4b32acec00305cb5c9bfb/2/2/2240058.jpg;14.250
Piso deck wpc wengue 2.5 x 14 x 220 cm ;https://cr.epaenlinea.com/piso-deck-wpc-wengue-2-5-x-14-x-220-cm.html;https://cr.epaenlinea.com/pub/media/version20200605/catalog/product/cache/cd25e414e6d4b32acec00305cb5c9bfb/2/2/2240057.jpg;14.250
Regla semiduro 2 x 4 pulgadas en 4 varas ;https://cr.epaenlinea.com/regla-semiduro-2-x-4-pulgadas-en-4-varas.html;https://cr.epaenlinea.com/pub/media/version20200605/catalog/product/cache/cd25e414e6d4b32acec00305cb5c9bfb/2/0/2050132.jpg;5.350
Regla semiduro 2 x 3 pulgadas en 4 varas ;https://cr.epaenlinea.com/regla-semiduro-2-x-3-pulgadas-en-4-varas.html;https://cr.epaenlinea.com/pub/media/version20200605/catalog/product/cache/cd25e414e6d4b32acec00305cb5c9bfb/2/0/2050131.jpg;3.695
Regla semiduro 1 x 2 pulgadas en 4 varas ;https://cr.epaenlinea.com/regla-semiduro-1-x-2-pulgadas-en-4-varas.html;https://cr.epaenlinea.com/pub/media/version20200605/catalog/product/cache/cd25e414e6d4b32acec00305cb5c9bfb/2/0/2050128.jpg;1.420
Regla semiduro 2 x 3 pulgadas en 3 varas ;https://cr.epaenlinea.com/regla-semiduro-2-x-3-pulgadas-en-3-varas.html;https://cr.epaenlinea.com/pub/media/version20200605/catalog/product/cache/cd25e414e6d4b32acec00305cb5c9bfb/2/0/2050124.jpg;2.950
Regla semiduro 1 x 2 pulgadas en 3 varas ;https://cr.epaenlinea.com/regla-semiduro-1-x-2-pulgadas-en-3-varas.html;https://cr.epaenlinea.com/pub/media/version20200605/catalog/product/cache/cd25e414e6d4b32acec00305cb5c9bfb/2/0/2050119.jpg;1.100
Regla pino cepillado 1 x 5 pulgadas de 3.2 metros de largo ;https://cr.epaenlinea.com/regla-pino-cepillado-1-x-5-pulgadas-de-3-2-metros-de-largo.html;https://cr.epaenlinea.com/pub/media/version20200605/catalog/product/cache/cd25e414e6d4b32acec00305cb5c9bfb/2/0/2050116.jpg;4.825
Llana decoración para efectos rústicos ;https://cr.epaenlinea.com/llana-decoracion-para-efectos-rusticos.html;https://cr.epaenlinea.com/pub/media/version20200605/catalog/product/cache/cd25e414e6d4b32acec00305cb5c9bfb/0/2/0250186.jpg;9.950
Tapón para decoración de caucho 12 x12 cm ;https://cr.epaenlinea.com/tapon-para-decoracion-de-caucho-12-x12-cm.html;https://cr.epaenlinea.com/pub/media/version20200605/catalog/product/cache/cd25e414e6d4b32acec00305cb5c9bfb/0/2/0250185.jpg;10.995
Masilla para madera acrylic filler color pino 1/4 galón ;https://cr.epaenlinea.com/masilla-para-madera-acrylic-filler-color-pino-1-4-galon.html;https://cr.epaenlinea.com/pub/media/version20200605/catalog/product/cache/cd25e414e6d4b32acec00305cb5c9bfb/0/2/0243089.jpg;6.950
Poxilina 38 ml ;https://cr.epaenlinea.com/poxilina-38-ml.html;https://cr.epaenlinea.com/pub/media/version20200605/catalog/product/cache/cd25e414e6d4b32acec00305cb5c9bfb/2/6/2626082_1.jpg;2.125
Antideslizante para alfombras ;https://cr.epaenlinea.com/antideslizante-para-alfombras.html;https://cr.epaenlinea.com/pub/media/version20200605/catalog/product/cache/cd25e414e6d4b32acec00305cb5c9bfb/1/8/1830285.jpg;7.995
Clinical coat acabado mate 1 galón ;https://cr.epaenlinea.com/clinical-coat-acabado-mate-1-galon.html;https://cr.epaenlinea.com/pub/media/version20200605/catalog/product/cache/cd25e414e6d4b32acec00305cb5c9bfb/0/2/0281264.jpg;21.950
Anticorrosivo kromox mate blanco 5 galones  Regular: ¢67.500 i.v.a. ;https://cr.epaenlinea.com/anticorrosivo-kromox-mate-blanco-5-galones.html;https://cr.epaenlinea.com/pub/media/version20200605/catalog/product/cache/cd25e414e6d4b32acec00305cb5c9bfb/0/2/0276015_2.jpg;58.950
Kit de resina epoxica bicomponente ;https://cr.epaenlinea.com/kit-de-resina-epoxica-bicomponente.html;https://cr.epaenlinea.com/pub/media/version20200605/catalog/product/cache/cd25e414e6d4b32acec00305cb5c9bfb/0/2/0243088.jpg;8.995
Barniz 3 en 1 base agua color early american aquavar 1 galón ;https://cr.epaenlinea.com/barniz-3-en-1-base-agua-color-early-american-aquavar-1-galon.html;https://cr.epaenlinea.com/pub/media/version20200605/catalog/product/cache/cd25e414e6d4b32acec00305cb5c9bfb/0/2/0227430.jpg;22.750
Barniz 3 en 1 base agua color marrón oscuro aquavar 1 galón ;https://cr.epaenlinea.com/barniz-3-en-1-base-agua-color-marron-oscuro-aquavar-1-galon.html;https://cr.epaenlinea.com/pub/media/version20200605/catalog/product/cache/cd25e414e6d4b32acec00305cb5c9bfb/0/2/0227427.jpg;22.950
Poliuretano de color gris en presentación de 1 galón ;https://cr.epaenlinea.com/poliuretano-de-color-gris-en-presentacion-de-1-galon.html;https://cr.epaenlinea.com/pub/media/version20200605/catalog/product/cache/cd25e414e6d4b32acec00305cb5c9bfb/0/2/0223234_5.jpg;20.950
Barniz finish brillante 903 1 galón ;https://cr.epaenlinea.com/barniz-finish-brillante-903-1-galon.html;https://cr.epaenlinea.com/pub/media/version20200605/catalog/product/cache/cd25e414e6d4b32acec00305cb5c9bfb/0/2/0218123.jpg;29.995
Barniz finish mate 903 1 galón ;https://cr.epaenlinea.com/barniz-finish-mate-903-1-galon.html;https://cr.epaenlinea.com/pub/media/version20200605/catalog/product/cache/cd25e414e6d4b32acec00305cb5c9bfb/0/2/0218122.jpg;29.995
Masking tape uso general 18 mm x 25 metros ;https://cr.epaenlinea.com/masking-tape-uso-general-18-mm-x-25-metros.html;https://cr.epaenlinea.com/pub/media/version20200605/catalog/product/cache/cd25e414e6d4b32acec00305cb5c9bfb/0/2/0247144.jpg;680
Base decorativa deco finish sahara gold 1/4 galón ;https://cr.epaenlinea.com/base-decorativa-deco-finish-sahara-gold-1-4-galon.html;https://cr.epaenlinea.com/pub/media/version20200605/catalog/product/cache/cd25e414e6d4b32acec00305cb5c9bfb/0/2/0250183.jpg;13.495
Base decorativa deco finish sahara gold 1 galón ;https://cr.epaenlinea.com/base-decorativa-deco-finish-sahara-gold-1-galon.html;https://cr.epaenlinea.com/pub/media/version20200605/catalog/product/cache/cd25e414e6d4b32acec00305cb5c9bfb/0/2/0250182.jpg;42.950
Base decorativa deco finish sahara silver 1/4 galón ;https://cr.epaenlinea.com/base-decorativa-deco-finish-sahara-silver-1-4-galon.html;https://cr.epaenlinea.com/pub/media/version20200605/catalog/product/cache/cd25e414e6d4b32acec00305cb5c9bfb/0/2/0250181.jpg;8.495
Base decorativa deco finish sahara silver 1 galón ;https://cr.epaenlinea.com/base-decorativa-deco-finish-sahara-silver-1-galon.html;https://cr.epaenlinea.com/pub/media/version20200605/catalog/product/cache/cd25e414e6d4b32acec00305cb5c9bfb/0/2/0250180.jpg;26.950
Pintura para cancha de tenis blanco 1 galón ;https://cr.epaenlinea.com/pintura-para-cancha-de-tenis-blanco-1-galon.html;https://cr.epaenlinea.com/pub/media/version20200605/catalog/product/cache/cd25e414e6d4b32acec00305cb5c9bfb/0/2/0281122_1.jpg;21.950
Pintura acabado decorativo metal design dorado brillante  Regular: ¢14.950 i.v.a. ;https://cr.epaenlinea.com/pintura-acabado-decorativo-metal-design-dorado-brillante.html;https://cr.epaenlinea.com/pub/media/version20200605/catalog/product/cache/cd25e414e6d4b32acec00305cb5c9bfb/0/2/0250173.jpg;12.995
Pintura acabado decorativo metal design cobre brillante  Regular: ¢14.950 i.v.a. ;https://cr.epaenlinea.com/pintura-acabado-decorativo-metal-design-cobre-brillante.html;https://cr.epaenlinea.com/pub/media/version20200605/catalog/product/cache/cd25e414e6d4b32acec00305cb5c9bfb/0/2/0250172.jpg;12.995
Pintura acabado decorativo metal design aluminio brillante  Regular: ¢14.950 i.v.a. ;https://cr.epaenlinea.com/pintura-acabado-decorativo-metal-design-aluminio-brillante.html;https://cr.epaenlinea.com/pub/media/version20200605/catalog/product/cache/cd25e414e6d4b32acec00305cb5c9bfb/0/2/0250171.jpg;12.995
Pintura acabado decorativo metal design gris brillante  Regular: ¢14.950 i.v.a. ;https://cr.epaenlinea.com/pintura-acabado-decorativo-metal-design-gris-brillante.html;https://cr.epaenlinea.com/pub/media/version20200605/catalog/product/cache/cd25e414e6d4b32acec00305cb5c9bfb/0/2/0250170.jpg;12.995
Pintura acabado decorativo metal design negro brillante  Regular: ¢14.950 i.v.a. ;https://cr.epaenlinea.com/pintura-acabado-decorativo-metal-design-negro-brillante.html;https://cr.epaenlinea.com/pub/media/version20200605/catalog/product/cache/cd25e414e6d4b32acec00305cb5c9bfb/0/2/0250169.jpg;12.995
Masilla para madera color roble (oak) 1/4 galón ;https://cr.epaenlinea.com/masilla-para-madera-color-roble-oak-1-4-galon.html;https://cr.epaenlinea.com/pub/media/version20200605/catalog/product/cache/cd25e414e6d4b32acec00305cb5c9bfb/0/2/0243093.jpg;6.950
Masilla para madera color cedro (cedar) 1/4 galón ;https://cr.epaenlinea.com/masilla-para-madera-color-cedro-cedar-1-4-galon.html;https://cr.epaenlinea.com/pub/media/version20200605/catalog/product/cache/cd25e414e6d4b32acec00305cb5c9bfb/0/2/0243092.jpg;6.950
Masilla para madera color nuez (walnut) 1/4 galón ;https://cr.epaenlinea.com/masilla-para-madera-color-nuez-walnut-1-4-galon.html;https://cr.epaenlinea.com/pub/media/version20200605/catalog/product/cache/cd25e414e6d4b32acec00305cb5c9bfb/0/2/0243091.jpg;6.950
Masilla para madera color caoba (mahogany) 1/4 galón ;https://cr.epaenlinea.com/masilla-para-madera-color-caoba-mahogany-1-4-galon.html;https://cr.epaenlinea.com/pub/media/version20200605/catalog/product/cache/cd25e414e6d4b32acec00305cb5c9bfb/0/2/0243090.jpg;6.950
Barniz 3 en 1 base agua color early american aquavar 1/4 galón ;https://cr.epaenlinea.com/barniz-3-en-1-base-agua-color-early-american-aquavar-1-4-galon.html;https://cr.epaenlinea.com/pub/media/version20200605/catalog/product/cache/cd25e414e6d4b32acec00305cb5c9bfb/0/2/0227431.jpg;6.950
Barniz 3 en 1 base agua color marrón oscuro aquavar 1/4 galón ;https://cr.epaenlinea.com/barniz-3-en-1-base-agua-color-marron-oscuro-aquavar-1-4-galon.html;https://cr.epaenlinea.com/pub/media/version20200605/catalog/product/cache/cd25e414e6d4b32acec00305cb5c9bfb/0/2/0227428.jpg;6.950
Seal coat mate blanco presentación de 5 galones  Regular: ¢103.950 i.v.a. ;https://cr.epaenlinea.com/seal-coat-mate-blanco-presentacion-de-5-galones.html;https://cr.epaenlinea.com/pub/media/version20200605/catalog/product/cache/cd25e414e6d4b32acec00305cb5c9bfb/0/2/0281148_1.jpg;91.950
Kromox latex color blanco satinado presentación de 5 galones  Regular: ¢65.500 i.v.a. ;https://cr.epaenlinea.com/kromox-latex-color-blanco-satinado-presentacion-de-5-galones.html;https://cr.epaenlinea.com/pub/media/version20200605/catalog/product/cache/cd25e414e6d4b32acec00305cb5c9bfb/0/2/0275038_2.jpg;58.950
